filename,question,result,feedback
ifm-geomar_rep1.pdf,What is the temperature of water in depth?,*I don't know.*,4
awi_doi~10.48433_cr_msm94.pdf,What is the temperature of water in depth?,**-6**,2
ifm-geomar_rep49.pdf,What is the temperature of water in depth?,*I don't know.*,4
ifm-geomar_rep28.pdf,What is the temperature of water in depth?,*I don't know.*,4
ifm-geomar_rep33.pdf,What is the temperature of water in depth?,**The temperature of the water in depth is around 0.01°C**,2
ifm-geomar_rep42.pdf,What is the temperature of water in depth?,**100°C and 150°C**,2
ifm-geomar_rep9.pdf,What is the temperature of water in depth?,"**Based on the provided context, the temperature of water at certain depths is discussed, but specific temperature values are not provided. Therefore, the exact temperature of the water at a specific depth is not explicitly stated in the information provided.**",3
ifm-geomar_rep38.pdf,What is the temperature of water in depth?,- **4-5°C at the bottom of the ocean**,1
ifm-geomar_rep3.pdf,What is the temperature of water in depth?,- **4-5°C at the bottom of the ocean**,1
ifm-geomar_rep23.pdf,What is the temperature of water in depth?,- **4-5°C at the bottom of the ocean**,1
ifm-geomar_rep26.pdf,What is the temperature of water in depth?,- **4-5°C at the bottom of the ocean**,1
ifm-geomar_rep19.pdf,What is the temperature of water in depth?,- **4-5°C at the bottom of the ocean**,1
ifm-geomar_rep48.pdf,What is the temperature of water in depth?,- **4-5°C at the bottom of the ocean**,1
ifm-geomar_rep12.pdf,What is the temperature of water in depth?,- **Roughly 4-5°C at the bottom of the ocean**,1
ifm-geomar_rep17.pdf,What is the temperature of water in depth?,- **4-5°C at the bottom of the ocean**,1
geomar_rep_ns_58_2021 tjm 2.pdf,What is the temperature of water in depth?,- **4-5°C at the bottom of the ocean**,1
ifm-geomar_rep14.pdf,What is the temperature of water in depth?,"- **At the bottom of the ocean, the temperature is roughly 4-5°C.**",1
ifm-geomar_rep22.pdf,What is the temperature of water in depth?,- **4-5°C at the bottom of the ocean**,1
ifm-geomar_rep34.pdf,What is the temperature of water in depth?,- **4-5°C at the bottom of the ocean**,1
ifm-geomar_rep29.pdf,What is the temperature of water in depth?,- **4-5°C at the bottom of the ocean**,1
ifm-geomar_rep40.pdf,What is the temperature of water in depth?,- **4-5°C at the bottom of the ocean**,1
ifm-geomar_rep44.pdf,What is the temperature of water in depth?,- **4-5°C at the bottom of the ocean**,1
ifm-geomar_rep10.pdf,What is the temperature of water in depth?,- **Roughly 4-5°C at the bottom of the ocean**,1
AL374 CR ifm-geomar_rep51-1.pdf,What is the temperature of water in depth?,- **4-5°C at the bottom of the ocean**,1
ifm-geomar_rep30.pdf,What is the temperature of water in depth?,- **4-5°C at the bottom**,1
ifm-geomar_rep37.pdf,What is the temperature of water in depth?,- **4-5°C at the bottom of the ocean**,1
ifm-geomar_rep7.pdf,What is the temperature of water in depth?,- **Roughly 4-5°C at the bottom of the ocean**,1
ifm-geomar_rep18.pdf,What is the temperature of water in depth?,- **4-5°C at the bottom of the ocean**,1
ifm-geomar_rep8.pdf,What is the temperature of water in depth?,- **4-5°C at the bottom of the ocean**,1
geomar_rep_ns_57_2021.pdf,What is the temperature of water in depth?,- **13.5°C at 1600 m**,1
ifm-geomar_rep31.pdf,What is the temperature of water in depth?,- **Temperature decreases from 27°C at the surface to 13.5°C at 1600 m depth.**,1
ifm-geomar_rep32.pdf,What is the temperature of water in depth?,- **13.5°C at 1600 m**,1
ifm-geomar_rep21.pdf,What is the temperature of water in depth?,- **13.5°C at 1600 m**,1
ifm-geomar_rep35.pdf,What is the temperature of water in depth?,- **Water temperature decreases to 13.5°C at 1600 m depth.**,1
geomar_rep_ns_42_2018.pdf,What is the temperature of water in depth?,- **13.5°C at 1600 m**,1
ifm-geomar_rep15.pdf,What is the temperature of water in depth?,- **0.65°C at winter minimum**,1
geomar_rep_ns_55_2020.pdf,What is the temperature of water in depth?,- **1.47°C at 3800 m depth**,1
ifm-geomar_rep16.pdf,What is the temperature of water in depth?,- **0.65°C at winter minimum**,1
ifm-geomar_rep41.pdf,What is the temperature of water in depth?,- *3.8°C at 350 m depth*,1
ifm-geomar_rep11.pdf,What is the temperature of water in depth?,"- **27°C at the surface, decreasing to 13.5°C at 1600 m**",1
ifm-geomar_rep36.pdf,What is the temperature of water in depth?,- *13.5°C at 1600 m*,1
ifm-geomar_rep47.pdf,What is the temperature of water in depth?,- *13.5°C at 1600 m water depth*,1
ifm-geomar_rep24.pdf,What is the temperature of water in depth?,- **13.8°C at bottom water temperature**,1
ifm-geomar_rep20.pdf,What is the temperature of water in depth?,- **27°C to 15°C in the uppermost 100 m**,1
ifm-geomar_rep46.pdf,What is the temperature of water in depth?,- **13.5°C at 1600 m depth**,1
ifm-geomar_rep6.pdf,What is the temperature of water in depth?,- **13.5°C at 1600 m depth**,1
ifm-geomar_rep45-red.pdf,What is the temperature of water in depth?,- **27°C to 15°C within the uppermost 100 m**,1
ifm-geomar_rep25.pdf,What is the temperature of water in depth?,- **13.5°C at 1600 m depth**,1
ifm-geomar_rep50-red.pdf,What is the temperature of water in depth?,- **13.5°C at 1600 m**,1
ifm-geomar_rep4.pdf,What is the temperature of water in depth?,- **13.5°C at 1600 m depth**,1
ifm-geomar_rep39.pdf,What is the temperature of water in depth?,- **13.5°C at 1600 m depth**,1
ifm_geomar_rep5.pdf,What is the temperature of water in depth?,- **Temperature decreases from 27°C to 15°C within the uppermost 100 m.**,1
ifm-geomar_rep13.pdf,What is the temperature of water in depth?,"- **Decreases from 27°C to 15°C within the uppermost 100 m, minimum of 13.5°C at 1600 m**",1
ifm-geomar_rep43.pdf,What is the temperature of water in depth?,"- **27°C to 15°C within the uppermost 100 m, decreasing to 13.5°C at 1600 m**",1
ifm-geomar_rep27.pdf,What is the temperature of water in depth?,- **13.5°C at 1600 m depth**,1
